<?xml version="1.0" encoding="UTF-8" standalone="yes"?>
<ns2:ExportManifest xmlns:ns2="http://www.pentaho.com/schema/">
    <ExportManifestInformation exportDate="01-02-2018 03:27:41 ICT" exportBy="admin" rootFolder="/public/" manifestVersion="2"/>
    <ExportManifestEntity path="QSDS_Dashboard">
        <ExportManifestProperty>
            <EntityMetaData name="QSDS_Dashboard" createdDate="2018-01-20T21:15:02.902+07:00" isFolder="true" path="QSDS_Dashboard" isHidden="false" locale="th_TH" title="QSDS_Dashboard"/>
        </ExportManifestProperty>
        <ExportManifestProperty>
            <EntityAcl>
                <entriesInheriting>true</entriesInheriting>
                <owner>admin</owner>
                <ownerType>USER</ownerType>
            </EntityAcl>
        </ExportManifestProperty>
    </ExportManifestEntity>
    <ExportManifestEntity path="QSDS_Dashboard/qsds.cda">
        <ExportManifestProperty>
            <EntityMetaData name="qsds.cda" createdDate="2018-01-20T21:15:33.643+07:00" isFolder="false" path="QSDS_Dashboard/qsds.cda" isHidden="false" locale="th_TH" title="qsds"/>
        </ExportManifestProperty>
        <ExportManifestProperty>
            <EntityAcl>
                <entriesInheriting>true</entriesInheriting>
                <owner>admin</owner>
                <ownerType>USER</ownerType>
            </EntityAcl>
        </ExportManifestProperty>
    </ExportManifestEntity>
    <ExportManifestEntity path="QSDS_Dashboard/qsds.cdfde">
        <ExportManifestProperty>
            <EntityMetaData name="qsds.cdfde" createdDate="2018-01-20T21:15:33.818+07:00" isFolder="false" path="QSDS_Dashboard/qsds.cdfde" isHidden="false" locale="th_TH" title="qsds"/>
        </ExportManifestProperty>
        <ExportManifestProperty>
            <EntityAcl>
                <entriesInheriting>true</entriesInheriting>
                <owner>admin</owner>
                <ownerType>USER</ownerType>
            </EntityAcl>
        </ExportManifestProperty>
    </ExportManifestEntity>
    <ExportManifestEntity path="QSDS_Dashboard/qsds.wcdf">
        <ExportManifestProperty>
            <EntityMetaData name="qsds.wcdf" createdDate="2018-01-20T21:15:33.352+07:00" isFolder="false" path="QSDS_Dashboard/qsds.wcdf" isHidden="false" locale="th_TH" title="qsds"/>
        </ExportManifestProperty>
        <ExportManifestProperty>
            <EntityAcl>
                <entriesInheriting>true</entriesInheriting>
                <owner>admin</owner>
                <ownerType>USER</ownerType>
            </EntityAcl>
        </ExportManifestProperty>
    </ExportManifestEntity>
</ns2:ExportManifest>
